{
  "training_duration": "00:00:07",
  "training_start_epoch": 0,
  "training_epochs": 5,
  "epoch": 5,
  "training_accuracy": 0.4654043945769051,
  "training_accuracy3": 0.7005610098176718,
  "training_loss": 1.7706371148427327,
  "validation_accuracy": 0.36511627906976746,
  "validation_accuracy3": 0.5953488372093023,
  "validation_loss": 2.386681616306305,
  "best_epoch": 4,
  "best_validation_accuracy": 0.36511627906976746,
  "best_validation_accuracy3": 0.5883720930232558,
  "best_validation_loss": 2.4195539951324463
}