{
  "training_duration": "00:00:14",
  "training_start_epoch": 0,
  "training_epochs": 10,
  "epoch": 10,
  "training_accuracy": 0.5535296867695184,
  "training_accuracy3": 0.7713884992987378,
  "training_loss": 1.3601285715897877,
  "validation_accuracy": 0.37906976744186044,
  "validation_accuracy3": 0.5883720930232558,
  "validation_loss": 2.3268438577651978,
  "best_epoch": 9,
  "best_validation_accuracy": 0.3930232558139535,
  "best_validation_accuracy3": 0.6,
  "best_validation_loss": 2.3247520327568054
}