{
  "training_duration": "00:00:09",
  "training_start_epoch": 0,
  "training_epochs": 6,
  "epoch": 6,
  "training_accuracy": 0.48784478728377745,
  "training_accuracy3": 0.7194950911640954,
  "training_loss": 1.6658894717693329,
  "validation_accuracy": 0.3744186046511628,
  "validation_accuracy3": 0.5813953488372093,
  "validation_loss": 2.383843719959259,
  "best_epoch": 6,
  "best_validation_accuracy": 0.3744186046511628,
  "best_validation_accuracy3": 0.5813953488372093,
  "best_validation_loss": 2.383843719959259
}