{
  "training_duration": "00:00:10",
  "training_start_epoch": 0,
  "training_epochs": 7,
  "epoch": 7,
  "training_accuracy": 0.5084151472650772,
  "training_accuracy3": 0.7269752220663862,
  "training_loss": 1.5771375795205433,
  "validation_accuracy": 0.386046511627907,
  "validation_accuracy3": 0.5837209302325581,
  "validation_loss": 2.354059934616089,
  "best_epoch": 7,
  "best_validation_accuracy": 0.386046511627907,
  "best_validation_accuracy3": 0.5837209302325581,
  "best_validation_loss": 2.354059934616089
}