{
  "training_duration": "00:00:11",
  "training_start_epoch": 0,
  "training_epochs": 8,
  "epoch": 8,
  "training_accuracy": 0.5268817204301075,
  "training_accuracy3": 0.7470780738662927,
  "training_loss": 1.491694614291191,
  "validation_accuracy": 0.37906976744186044,
  "validation_accuracy3": 0.5790697674418605,
  "validation_loss": 2.349767804145813,
  "best_epoch": 7,
  "best_validation_accuracy": 0.386046511627907,
  "best_validation_accuracy3": 0.5837209302325581,
  "best_validation_loss": 2.354059934616089
}