{
  "training_duration": "00:00:15",
  "training_start_epoch": 0,
  "training_epochs": 11,
  "epoch": 11,
  "training_accuracy": 0.5691912108461898,
  "training_accuracy3": 0.7833099579242637,
  "training_loss": 1.307542969783147,
  "validation_accuracy": 0.37906976744186044,
  "validation_accuracy3": 0.5697674418604651,
  "validation_loss": 2.326593279838562,
  "best_epoch": 9,
  "best_validation_accuracy": 0.3930232558139535,
  "best_validation_accuracy3": 0.6,
  "best_validation_loss": 2.3247520327568054,
  "test_accuracy": 0.3969298245614035,
  "test_accuracy3": 0.6096491228070176
}